ticket_id,created_at,channel,product_sku,customer_message,human_label,notes
TK-252687,2026-04-26 12:13:00,email,VA-SP-ORB,"helo
the pairing light blinks but nothing evre shows up on my iphone
pls reply",Connectivity & Bluetooth,
TK-247973,2025-12-10 13:45:00,social,VA-EB-PL2,"Product: Pulse2
Order: VR884672
Purchased: 27 Jan
Issue: I sent the unit in 18 days ago and have heard nothing
Tried: emailed twice
Expected: callback",Other,
TK-248948,2026-01-07 20:39:00,email,VA-EB-PL1,"hi vireo support,
bought pulse earbuds around 14 nov from vireo.in. there is a frying sound in the background of every song.
i tried wired mode.
please advise.",Audio & Sound Quality,
TK-246575,2025-11-05 16:01:00,email,VA-EB-PL2,"hello vireo, order vr885233 (the pulse 2 earbuds). otp not comig on my number. i tried on anoother browser. please help. rgds",Billing & Payment,
TK-247349,2025-11-25 12:04:00,social,VA-EB-AIR,"hey
picukp scheduled but no one showed up
airlite",Delivery & Shipping,
TK-251632,2026-03-27 18:36:00,social,VA-EB-PL2,"Hi, Bought Pulse2 around 29-01-2026 from vireo.in. The login code never arrives, tried 6 times. I tried on another browser. Nothing changed. Kindly look into it. Thnaks & regards Aadhya",Account & Login,
TK-250080,2026-02-09 21:30:00,voice,VA-SW-NX2,"[IVR transcript] Dear team, Ordered the Nexa 2 3 weeks back.  Pairing is not working. I RESTARTED THE PHONE. Not acceptable at this price. Need this sorted this week. Thanks, Meera Khanna",Connectivity & Bluetooth,
TK-249903,2026-02-04 12:29:00,voice,VA-SP-MINI,"Hello, Order VR906459 (orbit mini).  Watn to cancel my order. I tried cancel button, greyed out. I want my money back. Thanks,",Returns & Refunds,
TK-246691,2025-11-08 15:44:00,email,VA-SW-NX1,"Product: Nexa watch
Purchased: 05 Oct
Issue: the band snapped while I was putting it on this morning
Tried: tried to fix pin
Expected: callback",Physical Damage & Build,
TK-254212,2026-06-10 18:23:00,voice,VA-EB-PL2,"the vireo app keeps crashing, kindly look into it",App & Firmware Issues,
TK-246822,2025-11-12 03:35:00,social,VA-EB-PL2,"hey
this is the third time.
one of them is just decoration at this point
pulse 2",Other,
TK-250513,2026-02-23 09:17:00,voice,VA-EB-PL1,[IVR transcript] hii package not delivered even after 18 days pulse earbuds,Delivery & Shipping,
TK-241707,2025-04-26 08:58:00,chat,VA-SW-NX2,Reallly frustrating.  Bought my Nexa 2 watch around 05 Apr from vireo.in. I have to tap ten times for one swipe to register. I already cleaned screen. Fix this or I am posting on twitter.,Physical Damage & Build,
TK-243333,2025-07-26 00:07:00,chat,VA-SP-ORB,"team,
typo in the flat number, courier will never find it
abhi tak kuch nahi hua",Delivery & Shipping,
TK-242124,2025-05-20 18:02:00,social,VA-EB-PL1,"Dear team, Ordered pulse 1 10 days ago. The return was accepted but the amount is nowhere in my account. I emailed twice. Nothing changed. Kindly look into it. Thanks,",Returns & Refunds,
TK-248525,2025-12-26 09:55:00,chat,VA-EB-PL2,"hii
paid via upi, amount deducted, no order confirmation
the pulse 2 earbuds
??",Billing & Payment,
TK-241302,2025-04-02 13:40:00,email,VA-EB-PL1,"team,
will this survive a shower
abhi tak kuch nahi hua",Product Enquiry,
TK-244396,2025-09-03 10:53:00,social,VA-HP-ST2,"I am losing patience. This is regarding Strata 2. will this survive a shower. I want a replacement or refund, nothing else.",Product Enquiry,
TK-249044,2026-01-10 13:28:00,voice,VA-NB-ARC,[IVR transcript] hey app not opening after update my arc pls reply,App & Firmware Issues,
TK-245049,2025-09-24 19:37:00,chat,VA-HP-ST3,"hi vireo support, bought my strata 3 headphones around march 18 from amazon.  keeps losing my phone if i walk to the other room. i rest both devices. nothing changed. very poor quality. i want my money back. thanks,",Connectivity & Bluetooth,
TK-251425,2026-03-21 06:54:00,email,VA-EB-PL2,"Dear Sir/Madam,

My earlier ticket got closed without a fix. I am writing with reference to my order of the Pulse 2 earbuds placde on 23/02. Order not delivered, tracking not updating. I have checked with neighbours. I request you to process a refund to my original payment method.

Regards,
Ankit Qureshi
Raipur",Returns & Refunds,
TK-243819,2025-08-14 21:13:00,voice,VA-EB-PL2,"sir ji
cannot logn to my account",Account & Login,
TK-253300,2026-05-15 15:45:00,voice,VA-EB-PL2,"what is the status of my waranty claaim
VR899769
pleae help",Warranty & Repair,
TK-246774,2025-11-10 22:13:00,email,VA-HP-ST3,"bhai
two entries of rs 2499 on my statement for one pair of earbuds
bahut pareshan hu
anyone there",Billing & Payment,
TK-253057,2026-05-09 09:36:00,voice,VA-EB-PL1,"[IVR transcript] Ordered pulse 1 around Diwali.  Return pickup has not happened. I want a replacement. Thank you, Dev",Returns & Refunds,
TK-253010,2026-05-07 08:56:00,voice,VA-EB-PL2,"hii
the left one is dead every morning even though it was in the case all night",Battery & Charging,
TK-247928,2025-12-09 12:56:00,social,VA-EB-PL1,"Hey,
I bought the Pulse buds on 10-08-2025. Battery life has dropped to almost nothing.
I updated the app. Nothing changed.
What do I do now?
Thanks Anjali Patel",Battery & Charging,
TK-240188,2025-01-17 16:33:00,email,VA-EB-AIR,"hi there,
i bought airlite on september 24. battery backup is terrible now.
can someone fix this?
please revert, saanvi sen",Battery & Charging,
TK-252398,2026-04-18 11:17:00,chat,VA-EB-PL2,"hello
there is a frying sound in the background of every song
hello??",Audio & Sound Quality,
TK-253822,2026-05-29 15:29:00,social,VA-HP-ST3,Not what I expected from Vireo. Still not fixed after your last 'resolution'. Got my Strata 3 headphones from Amazon recently. pairing is not working. I already forgot teh device and tried again. Fix this or I am posting on twitter,Connectivity & Bluetooth,
TK-245509,2025-10-09 17:59:00,social,VA-EB-PL2,"pathetic experience honestly.  pulse 2 buds purchased recently, order vr901307. promo code shows invalid. i already tried in caps. i want a replacement or refund, nothing else.",Returns & Refunds,
TK-252902,2026-05-03 17:44:00,email,VA-EB-PL2,"Dear Sir/Madam, Got Pulse2 from vireo.in around Diwali. Still waiting for my refund. I checked bank. Please advise. Thank you Harpreet Reddy",Returns & Refunds,
TK-241487,2025-04-14 10:10:00,chat,VA-SP-MINI,"helo
can i connect two orbit mini together",Product Enquiry,
TK-248574,2025-12-27 11:18:00,email,VA-NB-ARC,the progress bar has not moved since morning,App & Firmware Issues,
TK-254485,2026-06-19 11:41:00,chat,VA-EB-PL2,"Hi,
Bought Pulse 2 around 25-03-2026 from vireo.in. Not receiving OTP to login.
I want a replacement.
Please revert, Tarun",Returns & Refunds,
TK-241505,2025-04-15 19:06:00,chat,VA-HP-ST2,"Hi team,
Ordered my Strata 2 headphonse 10 days ago. Peope caannot hear me on calls.
I checked mic permissions. Nothing changed.
How do I get this fixed?
Awaiting response",Audio & Sound Quality,
TK-253884,2026-05-31 18:22:00,voice,VA-EB-PL2,not acceptable at this price.  i bought pulse 2 buds on 26-05-2026. my order has not been delivered yet. i already checked with neighbours. this is the last time i buy from you.,Delivery & Shipping,
TK-246046,2025-10-24 03:55:00,social,VA-HP-ST3,"sir ji
promo code shows invalid
in October se",Billing & Payment,
TK-248523,2025-12-26 09:33:00,voice,VA-EB-PL2,"[IVR transcript] Not what I expected from Vireo. Ordered the Pulse 2 earbuds 2 weeks ago. CAN I CONNECT TWO THE PULSE 2 EARBUDS TOGETHER. I want a replacement or refund, nothing else.",Returns & Refunds,
TK-243002,2025-07-09 01:07:00,chat,VA-EB-PL1,This was supposeldy sorted by your taem last time. - the courier marked it delivered but nobody in my house got anything - VR894421,Delivery & Shipping,
TK-247217,2025-11-21 22:23:00,social,VA-EB-PL1,"Hi Vireo support,
Bought my Pulse around 01-11-2025 from Flipkart.  Firmware update stuck for 2 hours.
I kept it in the case.
Please advise.
Thanks in advance, Ankit",App & Firmware Issues,
TK-240091,2025-01-08 15:57:00,social,VA-EB-PL1,"Product: Pulse earbuds
Order: VR890211
Purchased: 21 Dec
Issue: refund was promised 13 days ago and nothing
Tried: checked bank
Expected: refund",Returns & Refunds,
TK-248359,2025-12-21 05:04:00,chat,VA-SP-ORB,"it goes silent for a second every few minutes & comes back, please call me on my registered number",Audio & Sound Quality,
TK-250855,2026-03-04 16:22:00,chat,VA-EB-PL2,"To the Vireo Customer Care Team,

I am writing with reference to my order of Pulse2 (VR908298) placed on 18-01-2026. The left one is dead every morning even though it was in the case all night. I have did the reset from the manual. I request you to process a refund to my original payment method.

Regards,
Vivaan Khan",Returns & Refunds,
TK-240818,2025-03-05 10:35:00,email,VA-SW-NX1,need to change delivery address. VR894455,Delivery & Shipping,
TK-240470,2025-02-08 18:51:00,email,VA-SW-FIT,"Namaste, my Nexa Fit band purchased 10 days ago, order VR909433. It connects for a second and then vanishes from the device list. How do I get this fixed?",Connectivity & Bluetooth,
TK-253839,2026-05-30 09:19:00,chat,VA-SW-NX2,"you picked up the item 8 days ago and my money hasn't come back, VR909452",Returns & Refunds,
TK-247060,2025-11-18 12:58:00,voice,VA-EB-AIR,[IVR transcript] hey only the right one lights up wen i put them in the case anyone there,Connectivity & Bluetooth,
TK-247314,2025-11-24 10:48:00,voice,VA-SP-ORB,"[IVR transcript] Honestly regrettinng this purchase. Ordered Orbit speaker 10 days ago. crackling sound in the left side. I alerady changed EQ. I want a replacement or refund, ntohing else.",Returns & Refunds,
TK-244857,2025-09-18 11:11:00,chat,VA-SW-NX1,"Product: my Nexa
Order: VR889353
Purchased: 04/09
Issue: firmware update stuck for 2 hours
Tried: kept phone nearby
Expected: replacement",App & Firmware Issues,
